Electron Temperature (eV);738 Model LR;738 Exp LR;763 Model LR;763 Exp LR;772 Model LR;772 Exp LR;794 Model LR;794 Exp LR
8.0;50.68600000000001;0.39399999999999996;1.791;0.958;2.32;0.475;16.958;0.493
