Wavelength;Radation Trapping Coefficient
750.39;0.9982898833513255
772.42;0.9884288410083796
738.4;1.3263353521612296
794.82;0.9744815501624856
751.47;0.9999926391408485
763.51;0.7808469433733458
772.38;1.4028068587973541
