Wavelength;Radation Trapping Coefficient
750.39;0.009290156770859655
772.42;0.8990613382774726
738.4;2.013228732315717
794.82;0.3995301390905873
751.47;0.010675295488481115
763.51;0.01626834772896712
772.38;0.14809641839741128
